ID,Timestamp,OrientationX,OrientationY,OrientationZ,AngularVelocityX,AngularVelocityY,AngularVelocityZ,PositionX,PositionY,PositionZ,VelocityX,VelocityY,VelocityZ,AccelerationX,AccelerationY,AccelerationZ,Barometer,Thermometer,ThermometerStupido,Voltage
9,3.342312,0.18,179.93,0.74,0.36,0.07,-0.01,0.05,-0.25,-0.02,0.14,-0.65,-0.05,0.04,-0.2,-0.02,98982.0,0.0,0.0,0.0
9,3.342312,0.18,179.93,0.74,0.36,0.07,-0.01,0.05,-0.25,-0.02,0.14,-0.65,-0.05,0.04,-0.2,-0.02,98982.0,0.0,0.0,0.0
8,3.016312,-0.59,179.94,-2.87,-0.2,0.18,0.07,0.01,-0.06,-0.01,0.09,-0.42,-0.04,0.23,-1.23,-0.06,98982.0,0.0,0.0,0.0
7,0.0,0.0,0.0,0.0,0.0,0.0,0.0,0.0,0.0,0.0,0.0,0.0,0.0,0.0,0.0,0.0,0.0,0.0,0.0,0.0
10,3.679312,0.12,179.92,0.03,-2.47,0.15,0.52,0.1,-0.47,-0.04,0.14,-0.65,-0.05,0.0,-0.0,-0.01,98982.0,0.0,0.0,0.0
11,4.011312,-0.14,179.94,0.09,0.14,-0.01,0.07,0.14,-0.68,-0.05,0.14,-0.65,-0.05,0.0,-0.01,0.04,98987.0,19.55,29.07,3.7
12,4.341312,-0.22,179.95,-0.04,-0.27,-0.15,0.16,0.19,-0.89,-0.07,0.14,-0.65,-0.05,0.01,0.03,0.01,98987.0,19.55,29.07,3.7
13,4.671312,-0.08,179.96,0.18,-0.12,-0.21,0.04,0.23,-1.11,-0.09,0.14,-0.65,-0.05,-0.01,-0.01,-0.02,98987.0,19.55,29.07,3.7
14,5.005312,-0.17,179.94,0.09,0.39,0.11,-0.3,0.28,-1.32,-0.1,0.14,-0.65,-0.05,-0.01,0.0,-0.03,98986.0,19.56,32.14,3.7
15,5.346312,-0.1,179.94,-0.03,-1.33,0.08,0.17,0.33,-1.54,-0.12,0.14,-0.65,-0.05,-0.01,-0.03,0.01,98986.0,19.56,32.14,3.7
16,5.676312,0.06,179.93,-0.07,-0.1,0.04,0.25,0.37,-1.76,-0.14,0.14,-0.65,-0.05,-0.0,-0.08,0.04,98986.0,19.56,32.14,3.7
17,6.004312,-0.04,179.94,0.12,-0.03,-0.13,-0.32,0.42,-1.97,-0.15,0.14,-0.65,-0.05,0.01,-0.01,-0.01,98986.0,19.56,32.14,3.7
18,6.338312,-0.07,179.94,-0.19,-0.7,0.05,0.22,0.46,-2.18,-0.17,0.14,-0.65,-0.05,-0.02,0.02,-0.05,98987.0,19.6,32.41,3.7
19,6.679312,0.02,179.94,0.01,-1.97,0.17,0.36,0.51,-2.41,-0.19,0.14,-0.65,-0.05,-0.03,-0.02,-0.0,98987.0,19.6,32.41,3.7
20,7.008312,0.02,179.94,-0.1,-1.41,0.17,0.18,0.55,-2.62,-0.2,0.14,-0.65,-0.05,0.01,-0.02,0.01,98987.0,19.6,32.41,3.7
21,7.342312,-0.18,179.94,0.04,1.01,-0.03,-0.24,0.6,-2.83,-0.22,0.14,-0.65,-0.05,0.01,0.01,0.02,98982.0,19.62,32.48,3.7
22,7.671312,0.12,179.9,0.16,1.5,0.11,-0.24,0.64,-3.05,-0.24,0.14,-0.65,-0.05,0.01,0.04,0.0,98982.0,19.62,32.48,3.7
23,8.012312,-0.15,179.9,-0.03,-0.93,-0.03,0.15,0.69,-3.27,-0.25,0.14,-0.65,-0.05,-0.02,0.0,0.05,98982.0,19.62,32.48,3.7
24,8.345312,0.01,179.9,-0.13,-0.52,0.05,-0.08,0.74,-3.48,-0.27,0.14,-0.65,-0.05,-0.03,-0.02,-0.05,98983.0,19.64,32.44,3.7
25,8.675312,0.03,179.89,0.46,5.15,-0.22,-1.09,0.78,-3.7,-0.29,0.14,-0.65,-0.05,0.01,0.02,-0.03,98983.0,19.64,32.44,3.7
26,9.005312,0.04,179.9,0.07,-1.18,-0.09,0.36,0.83,-3.91,-0.3,0.14,-0.65,-0.05,0.01,0.0,-0.02,98983.0,19.64,32.44,3.7
27,9.346312,-0.07,179.92,-0.07,0.47,0.0,-0.17,0.87,-4.13,-0.32,0.14,-0.65,-0.05,-0.05,0.02,-0.0,98983.0,19.64,32.44,3.7
28,9.679312,-0.46,180.01,-0.15,4.14,-0.64,2.27,0.92,-4.35,-0.34,0.12,-0.65,-0.05,0.05,0.09,-0.07,98987.0,19.67,32.18,3.7
29,10.008312,-0.15,179.77,-1.24,-7.82,-1.15,-5.6,0.96,-4.56,-0.35,0.14,-0.62,-0.04,0.26,-0.23,-0.01,98987.0,19.67,32.18,3.7
30,10.338312,0.61,178.29,1.34,-11.98,16.32,-0.69,1.01,-4.78,-0.36,0.16,-0.7,0.0,-0.1,-0.06,0.19,98987.0,19.67,32.18,3.7
31,10.671312,6.05,173.74,-4.47,20.76,9.19,-25.65,1.06,-5.01,-0.36,0.14,-0.65,-0.03,0.13,0.23,-0.31,98986.0,19.7,32.62,3.7
32,11.012312,1.45,165.47,9.1,52.51,-23.4,-13.98,1.09,-5.23,-0.39,-0.01,-0.64,-0.16,-0.89,0.14,-0.76,98986.0,19.7,32.62,3.7
33,11.341312,-7.35,160.33,11.56,-29.03,-7.67,-12.41,1.11,-5.46,-0.45,0.2,-0.73,-0.19,1.51,0.2,-0.68,98986.0,19.7,32.62,3.7
34,11.675312,-2.34,155.14,8.81,20.55,-11.01,-12.91,1.22,-5.61,-0.52,0.33,-0.19,-0.04,0.75,0.77,1.93,98988.0,19.72,32.16,3.7
35,12.005312,-5.74,163.9,0.93,-21.71,-19.49,38.7,1.36,-5.6,-0.55,0.39,0.31,-0.31,-0.24,1.8,-1.26,98988.0,19.72,32.16,3.7
36,12.346312,-7.94,169.12,-11.94,-23.15,-59.7,-14.38,1.55,-5.44,-0.66,0.77,0.38,-0.3,0.5,-1.05,0.83,98988.0,19.72,32.16,3.7
37,12.676312,-22.73,165.96,-9.7,25.79,-1.95,-4.93,1.86,-5.41,-0.76,1.26,-0.11,-0.46,2.96,-1.94,-1.12,98988.0,19.72,32.16,3.7
38,13.009312,-12.73,165.02,-5.78,-37.69,1.64,33.61,2.49,-5.53,-0.95,2.4,-0.62,-0.65,1.2,-0.58,0.5,98978.0,19.75,32.58,3.7
39,13.338312,-14.02,181.08,-15.04,11.46,13.64,24.51,3.36,-5.8,-1.23,3.0,-1.17,-1.11,3.34,-3.37,-0.8,98978.0,19.75,32.58,3.7
40,13.678312,-7.73,171.1,-9.76,-8.53,5.15,-44.82,4.52,-6.37,-1.61,3.8,-2.09,-1.3,2.36,-2.7,-1.85,98978.0,19.75,32.58,3.7
41,14.011313,-11.0,160.36,-10.62,-9.03,13.73,-9.82,6.02,-7.17,-2.16,5.13,-2.76,-1.66,2.73,-1.93,1.21,98976.0,19.77,32.62,3.7
42,14.341312,-11.45,156.24,-6.69,30.44,-6.27,10.21,7.81,-8.2,-2.74,5.86,-3.46,-2.06,4.5,-2.1,-3.22,98976.0,19.77,32.62,3.7
43,14.671312,-4.21,156.7,-0.05,-7.65,18.18,-13.95,9.94,-9.43,-3.49,6.85,-3.94,-2.29,3.0,-0.6,0.4,98976.0,19.77,32.62,3.7
44,15.005312,-2.18,154.75,2.91,-4.14,-8.0,3.05,12.36,-10.81,-4.28,7.66,-4.17,-2.54,2.88,0.42,-0.78,98976.0,19.78,32.5,3.7
45,15.345312,1.1,150.93,-4.41,-11.19,-3.0,-25.52,15.04,-12.19,-5.12,7.77,-4.01,-2.35,-1.06,-0.17,0.03,98976.0,19.78,32.5,3.7
46,15.674312,-0.88,149.96,-0.43,14.64,1.07,8.62,17.59,-13.52,-5.93,7.87,-4.08,-2.58,0.42,-0.85,0.64,98976.0,19.78,32.5,3.7
47,16.004312,4.55,148.13,2.82,10.88,3.02,-6.38,20.17,-14.87,-6.75,7.71,-4.13,-2.46,0.19,0.0,-0.82,98976.0,19.78,32.5,3.7
48,16.338312,0.75,149.88,2.62,-1.64,16.2,-1.56,22.75,-16.23,-7.61,7.72,-3.97,-2.55,-0.13,0.41,1.1,98977.0,19.81,32.44,3.7
49,16.679312,1.77,150.38,-2.88,-7.2,-26.33,14.02,25.29,-17.55,-8.45,7.22,-3.77,-2.59,-0.16,-0.15,-2.09,98977.0,19.81,32.44,3.7
50,17.009312,-2.3,153.58,-1.28,-27.75,21.09,-15.03,27.66,-18.83,-9.33,7.11,-4.03,-2.56,-0.07,-0.53,0.29,98977.0,19.81,32.44,3.7
51,17.343312,-1.66,144.49,-6.96,10.9,-6.55,-24.89,30.06,-20.21,-10.2,7.36,-4.16,-2.73,1.54,0.12,-0.52,98983.0,19.84,32.56,3.7
52,17.672312,-1.58,136.82,0.74,19.98,-16.93,-9.36,32.53,-21.61,-11.06,7.49,-4.47,-2.49,1.21,-1.54,-0.6,98983.0,19.84,32.56,3.7
53,18.012312,-7.68,140.13,4.6,-23.54,20.56,11.59,35.13,-23.23,-11.99,7.89,-4.89,-2.82,1.09,-0.14,1.19,98983.0,19.84,32.56,3.7
54,18.346312,-4.95,133.22,-7.47,-42.84,4.72,-36.48,37.77,-24.89,-12.93,7.88,-5.25,-2.9,1.46,-1.85,-1.08,98977.0,19.84,32.62,3.7
55,18.676312,-0.57,111.82,-21.94,-17.82,36.58,-74.63,40.4,-26.61,-13.89,7.86,-5.22,-2.84,-3.11,-1.36,0.61,98977.0,19.84,32.62,3.7
55,18.676312,-0.57,111.82,-21.94,-17.82,36.58,-74.63,40.4,-26.61,-13.89,7.86,-5.22,-2.84,-3.11,-1.36,0.61,98977.0,19.84,32.62,3.7
56,19.006312,-3.22,96.42,-27.33,1.77,4.13,-12.66,42.85,-28.5,-14.87,7.22,-6.13,-3.19,-0.8,-1.95,-1.63,98977.0,19.84,32.62,3.7
56,19.006312,-3.22,96.42,-27.33,1.77,4.13,-12.66,42.85,-28.5,-14.87,7.22,-6.13,-3.19,-0.8,-1.95,-1.63,98977.0,19.84,32.62,3.7
57,19.343312,1.68,91.44,-25.78,-22.41,-3.26,-14.98,45.28,-30.72,-15.98,7.33,-7.12,-3.29,1.21,-3.92,0.01,98977.0,19.84,32.62,3.7
57,19.343312,1.68,91.44,-25.78,-22.41,-3.26,-14.98,45.28,-30.72,-15.98,7.33,-7.12,-3.29,1.21,-3.92,0.01,98977.0,19.84,32.62,3.7
55,18.676312,-0.57,111.82,-21.94,-17.82,36.58,-74.63,40.4,-26.61,-13.89,7.86,-5.22,-2.84,-3.11,-1.36,0.61,98977.0,19.84,32.62,3.7
58,19.681312,-1.02,96.09,-21.82,22.41,-7.95,21.56,47.88,-33.32,-17.18,8.06,-8.15,-3.76,2.46,-2.56,-1.03,98973.0,19.85,32.45,3.7
57,19.343312,1.68,91.44,-25.78,-22.41,-3.26,-14.98,45.28,-30.72,-15.98,7.33,-7.12,-3.29,1.21,-3.92,0.01,98977.0,19.84,32.62,3.7
56,19.006312,-3.22,96.42,-27.33,1.77,4.13,-12.66,42.85,-28.5,-14.87,7.22,-6.13,-3.19,-0.8,-1.95,-1.63,98977.0,19.84,32.62,3.7
55,18.676312,-0.57,111.82,-21.94,-17.82,36.58,-74.63,40.4,-26.61,-13.89,7.86,-5.22,-2.84,-3.11,-1.36,0.61,98977.0,19.84,32.62,3.7
59,20.014313,2.11,105.04,-12.7,23.16,2.12,25.42,50.67,-36.22,-18.47,8.65,-9.24,-4.02,1.85,-3.52,-2.06,98973.0,19.85,32.45,3.7
60,20.340312,-1.78,115.98,3.88,32.61,-1.36,23.41,53.63,-39.37,-19.85,9.61,-9.96,-4.31,3.67,-1.12,0.42,98973.0,19.85,32.45,3.7
61,20.674312,1.07,117.68,14.58,10.85,0.99,3.57,57.03,-42.71,-21.3,10.67,-9.95,-4.43,3.02,1.2,-1.2,98969.0,19.89,32.65,3.7
62,21.004312,-2.76,119.88,20.63,2.81,7.32,17.73,60.73,-45.9,-22.82,11.67,-9.32,-4.7,2.51,2.32,0.12,98969.0,19.89,32.65,3.7
63,21.345312,-4.35,123.43,15.87,9.03,-24.67,18.14,64.78,-48.95,-24.43,11.94,-8.61,-4.82,-0.25,1.85,-2.05,98969.0,19.89,32.65,3.7
64,21.679312,-8.39,132.15,13.04,-20.03,6.25,11.83,68.81,-51.69,-26.12,12.18,-7.82,-5.02,0.05,2.13,0.95,98965.0,19.91,32.63,3.7
65,22.009312,-8.69,132.04,6.54,1.57,-20.65,8.3,72.83,-54.12,-27.8,12.36,-6.94,-5.35,1.98,4.17,-1.82,98965.0,19.91,32.63,3.7
66,22.340312,-6.55,131.68,6.52,13.14,10.75,-1.35,77.02,-56.24,-29.58,12.68,-6.01,-5.28,-1.66,0.92,-0.04,98965.0,19.91,32.63,3.7
67,22.681312,-7.89,138.23,11.94,32.11,-6.17,37.14,81.38,-58.16,-31.46,13.0,-5.29,-5.76,2.01,1.7,-0.17,98965.0,19.91,32.63,3.7
68,23.015312,-6.28,141.8,4.9,-8.7,-4.7,-5.81,85.77,-59.83,-33.36,13.26,-4.7,-5.73,0.5,2.0,-1.05,98978.0,19.94,32.75,3.7
69,23.344312,-6.35,141.06,2.36,5.31,2.77,4.29,90.23,-61.22,-35.3,13.82,-3.82,-5.88,-0.45,1.67,0.76,98978.0,19.94,32.75,3.7
70,23.673312,-7.12,147.76,-0.97,10.8,-26.38,37.98,94.75,-62.39,-37.24,13.79,-3.36,-6.06,1.1,1.08,-1.54,98978.0,19.94,32.75,3.7
71,24.007312,-7.58,159.03,3.45,6.25,8.93,3.81,99.46,-63.47,-39.29,14.3,-3.09,-6.11,0.73,1.33,-0.69,98975.0,19.96,32.59,3.7
72,24.347312,-6.97,161.89,2.46,-19.25,2.76,11.47,104.37,-64.49,-41.4,14.87,-2.94,-6.38,4.17,0.95,-1.13,98975.0,19.96,32.59,3.7
73,24.676312,-2.93,159.28,-2.97,-30.35,-3.15,-13.27,109.38,-65.39,-43.49,15.27,-2.59,-6.31,-1.32,0.59,-0.32,98975.0,19.96,32.59,3.7
74,25.009312,-3.26,160.53,-8.43,2.56,18.44,9.16,114.51,-66.26,-45.63,15.65,-2.77,-6.54,0.59,-1.27,-0.13,98974.0,19.95,32.66,3.7
75,25.338312,3.89,148.91,-10.49,-7.79,22.93,-47.95,119.68,-67.28,-47.77,15.71,-3.41,-6.54,1.25,-2.55,-1.14,98974.0,19.95,32.66,3.7
76,25.679312,5.34,139.04,-11.56,-19.23,12.99,-9.74,125.15,-68.52,-50.03,16.33,-3.86,-6.6,0.74,-1.76,0.74,98974.0,19.95,32.66,3.7
77,26.009312,6.18,139.74,-13.02,-11.76,-12.85,1.03,130.5,-70.01,-52.24,16.1,-5.2,-6.91,-0.64,-4.35,-1.42,98974.0,19.95,32.66,3.7
78,26.342312,6.09,139.98,-5.77,7.85,3.97,-17.33,135.91,-71.94,-54.61,16.14,-6.25,-7.12,-2.28,-3.49,0.35,98977.0,19.94,32.63,3.7
79,26.671312,9.2,129.2,-11.11,-11.56,33.32,-32.12,141.15,-74.23,-56.99,15.86,-7.4,-7.41,1.37,1.19,-1.6,98977.0,19.94,32.63,3.7
80,27.012312,17.93,116.75,-13.91,-8.31,32.77,-28.47,146.58,-76.81,-59.53,15.74,-8.11,-7.46,-2.09,-4.35,-0.26,98977.0,19.94,32.63,3.7
81,27.346312,26.59,99.79,-16.8,28.27,23.89,-33.9,151.74,-79.78,-62.1,15.26,-9.51,-7.94,-1.3,-2.92,-1.27,98972.0,19.97,32.67,3.7
80,27.012312,17.93,116.75,-13.91,-8.31,32.77,-28.47,146.58,-76.81,-59.53,15.74,-8.11,-7.46,-2.09,-4.35,-0.26,98977.0,19.94,32.63,3.7
82,27.673312,33.32,84.14,-20.07,1.63,30.23,-32.62,156.66,-83.02,-64.73,14.76,-10.18,-8.12,-1.42,-0.76,-0.22,98972.0,19.97,32.67,3.7
83,28.013312,34.31,70.55,-20.06,10.53,-5.95,-14.11,161.51,-86.53,-67.52,14.0,-10.46,-8.36,-0.24,-0.07,1.47,98972.0,19.97,32.67,3.7
84,28.335313,32.65,73.61,-12.34,6.17,-7.56,3.65,166.0,-89.96,-70.24,13.78,-10.71,-8.47,-1.49,-0.65,2.36,98970.0,20.01,32.5,3.7
85,28.676312,30.96,74.67,-8.62,2.02,6.07,10.15,170.67,-93.68,-73.17,13.64,-11.19,-8.74,-2.11,-3.07,-5.79,98970.0,20.01,32.5,3.7
86,29.006312,30.53,75.2,-7.05,11.55,12.66,0.83,175.17,-97.51,-76.15,13.55,-12.04,-9.27,3.09,-1.82,4.2,98970.0,20.01,32.5,3.7
87,29.335312,29.08,76.09,-6.62,13.03,18.96,4.76,179.61,-101.66,-79.43,13.57,-13.22,-10.68,-0.22,-1.97,6.01,98970.0,20.01,32.5,3.7
88,29.668312,27.29,78.0,-5.3,-60.91,-34.23,-23.92,183.94,-106.36,-83.55,13.08,-15.15,-14.38,12.18,-7.64,-4.5,98965.0,20.03,32.87,3.7
89,30.009312,22.34,77.15,-14.58,-96.04,-46.98,-3.57,189.05,-111.37,-89.01,15.81,-15.05,-18.33,15.74,4.87,-26.42,98965.0,20.03,32.87,3.7
90,30.338312,21.09,77.38,-13.25,-83.7,9.01,-25.62,194.21,-116.76,-96.13,15.8,-17.47,-24.84,20.41,-0.0,-18.56,98965.0,20.03,32.87,3.7
91,30.672312,19.96,76.43,-13.55,202.46,87.26,-20.52,199.28,-123.03,-105.38,14.64,-20.05,-30.34,-18.85,-24.97,-15.04,98964.0,20.06,32.52,3.7
92,31.002312,19.22,75.26,-12.59,-14.32,-24.15,-36.68,204.22,-130.02,-116.59,15.46,-22.24,-37.53,22.95,11.01,-34.22,98964.0,20.06,32.52,3.7
93,31.343312,19.11,73.37,-14.1,-71.8,-17.96,12.12,209.61,-138.07,-130.64,16.01,-25.03,-44.75,-21.49,-18.8,-13.33,98964.0,20.06,32.52,3.7
94,31.677313,17.99,65.59,-15.38,4.24,16.12,-36.72,215.1,-146.74,-146.76,16.97,-26.87,-51.24,23.1,-6.01,-18.34,98979.0,20.12,32.57,3.7
95,32.006312,15.37,60.9,-14.96,51.62,21.99,4.21,220.78,-156.02,-164.76,17.66,-29.53,-57.91,-16.03,-25.08,-11.87,98979.0,20.12,32.57,3.7
96,32.335312,17.23,57.13,-12.57,-39.06,-13.71,-24.48,226.78,-166.13,-184.92,18.75,-31.89,-64.5,15.73,18.52,-31.21,98979.0,20.12,32.57,3.7
97,32.676312,18.26,60.3,-10.88,103.93,30.51,7.7,233.26,-177.4,-208.03,19.18,-33.88,-70.89,-19.72,-20.31,-9.1,98979.0,20.12,32.57,3.7
98,33.010312,17.62,59.94,-10.65,-121.48,-28.8,23.46,240.0,-189.18,-232.94,20.4,-36.32,-77.99,15.77,18.55,-31.02,98978.0,20.15,32.58,3.7
99,33.340312,21.94,59.79,-10.53,-166.74,30.64,42.28,246.77,-201.54,-259.78,20.36,-38.27,-84.35,-29.06,-8.19,-11.34,98978.0,20.15,32.58,3.7
100,33.670312,27.2,66.56,-13.47,-129.18,3.82,40.92,253.23,-214.26,-288.6,18.55,-39.03,-89.83,-30.96,-6.81,-13.44,98978.0,20.15,32.58,3.7
101,34.003312,24.79,80.57,-17.36,36.02,-30.21,69.57,259.14,-227.69,-319.65,17.58,-41.32,-96.74,26.54,-8.41,-28.51,98965.0,20.17,32.79,3.7
102,34.333312,18.33,94.36,1.12,154.25,-0.18,-12.39,264.94,-241.87,-352.64,17.4,-44.67,-102.96,-27.22,-6.45,-9.24,98965.0,20.17,32.79,3.7
103,34.674312,8.2,103.04,18.45,-185.01,-47.7,61.74,270.65,-257.43,-388.9,16.25,-46.28,-109.57,21.71,-6.87,-33.11,98965.0,20.17,32.79,3.7
104,35.004312,-4.54,110.55,18.81,-33.93,-27.31,40.98,276.08,-272.96,-426.1,16.31,-47.36,-115.78,18.0,-14.01,-34.7,98965.0,20.17,32.89,3.7
105,35.339312,-12.98,104.94,-0.29,-25.77,-31.25,-17.72,281.54,-289.1,-465.84,16.66,-49.3,-121.58,-10.6,0.15,2.74,98955.0,20.18,32.89,3.7
106,35.669312,-22.71,116.06,-20.68,-7.79,-89.28,83.94,287.2,-306.08,-507.03,17.24,-53.69,-127.99,-17.63,1.34,-20.18,98955.0,20.18,32.89,3.7
107,35.999312,-29.96,106.52,4.48,-179.8,-89.43,101.52,292.88,-324.48,-549.85,17.9,-57.81,-131.65,26.43,-30.66,-13.17,98955.0,20.18,32.89,3.7
122,41.004312,-0.02,97.91,0.1,0.16,-0.15,0.23,460.21,-668.8,-1271.17,38.1,-69.0,-145.83,0.04,0.03,-0.05,98980.0,20.26,32.65,3.7
132,44.334496,0.02,97.98,0.13,1.25,0.23,0.02,587.07,-898.56,-1756.78,38.09,-69.0,-145.82,0.04,0.05,0.0,98986.0,20.32,32.62,3.7
131,44.003832,0.09,97.98,-0.14,0.34,-0.04,-0.01,574.53,-875.84,-1708.75,38.1,-68.99,-145.83,-0.06,-0.03,0.05,98986.0,20.32,32.62,3.7
130,43.672665,0.02,97.97,0.04,0.61,-0.26,0.08,561.44,-852.15,-1658.68,38.1,-69.0,-145.83,-0.0,-0.01,21.14,98986.0,20.32,32.62,3.7
129,43.338467,-0.12,97.98,0.19,-0.32,-0.46,-0.02,549.14,-829.87,-1611.59,38.1,-69.0,-145.83,0.09,0.03,0.03,98980.0,20.29,33.0,3.7
128,42.998626,0.01,97.96,-0.02,-0.13,-0.27,-0.06,536.16,-806.35,-1561.89,38.1,-68.99,-145.83,-0.02,-0.0,-0.01,98980.0,20.29,33.0,3.7
127,42.668681,-0.0,97.97,0.05,-0.21,0.03,0.04,523.62,-783.64,-1513.88,38.1,-69.0,-145.83,0.02,0.01,0.02,98980.0,20.29,33.0,3.7
126,42.334344,0.12,97.95,-0.04,-0.33,-0.11,0.06,510.85,-760.52,-1465.03,38.1,-69.0,-145.83,-0.04,0.01,0.0,98983.0,20.28,32.97,3.7
128,42.998626,0.01,97.96,-0.02,-0.13,-0.27,-0.06,536.16,-806.35,-1561.89,38.1,-68.99,-145.83,-0.02,-0.0,-0.01,98980.0,20.29,33.0,3.7
127,42.668681,-0.0,97.97,0.05,-0.21,0.03,0.04,523.62,-783.64,-1513.88,38.1,-69.0,-145.83,0.02,0.01,0.02,98980.0,20.29,33.0,3.7
126,42.334344,0.12,97.95,-0.04,-0.33,-0.11,0.06,510.85,-760.52,-1465.03,38.1,-69.0,-145.83,-0.04,0.01,0.0,98983.0,20.28,32.97,3.7
125,42.003312,0.03,97.94,-0.16,0.92,0.17,0.11,498.29,-737.77,-1416.93,38.1,-69.0,-145.83,-0.06,-0.06,0.02,98983.0,20.28,32.97,3.7
124,41.670312,0.16,97.93,-0.04,1.69,-0.1,0.05,485.58,-714.75,-1368.29,38.1,-69.0,-145.82,-0.07,0.05,0.04,98983.0,20.28,32.97,3.7
134,45.001633,0.05,97.97,-0.02,1.35,-0.37,0.1,612.48,-944.58,-1854.04,38.1,-69.0,-145.83,-0.02,0.0,-0.03,98987.0,20.34,32.75,3.7
133,44.660724,-0.04,97.97,0.06,0.76,-0.25,0.03,599.49,-921.05,-1804.31,38.1,-69.0,-145.83,0.01,0.01,-0.01,98987.0,20.34,32.75,3.7
141,47.330563,0.02,98.01,0.05,-0.02,-0.05,-0.05,701.19,-1105.24,-2193.6,38.09,-69.0,-145.83,0.01,0.02,-0.01,98986.0,20.4,32.88,3.7
130,43.672665,0.02,97.97,0.04,0.61,-0.26,0.08,561.44,-852.15,-1658.68,38.1,-69.0,-145.83,-0.0,-0.01,21.14,98986.0,20.32,32.62,3.7
129,43.338467,-0.12,97.98,0.19,-0.32,-0.46,-0.02,549.14,-829.87,-1611.59,38.1,-69.0,-145.83,0.09,0.03,0.03,98980.0,20.29,33.0,3.7
142,47.660713,0.14,98.03,0.06,0.24,-0.29,0.1,713.81,-1128.11,-2241.93,38.09,-69.0,-145.83,-0.02,0.04,-0.04,98991.0,20.42,33.07,3.7
126,42.334344,0.12,97.95,-0.04,-0.33,-0.11,0.06,510.85,-760.52,-1465.03,38.1,-69.0,-145.83,-0.04,0.01,0.0,98983.0,20.28,32.97,3.7
125,42.003312,0.03,97.94,-0.16,0.92,0.17,0.11,498.29,-737.77,-1416.93,38.1,-69.0,-145.83,-0.06,-0.06,0.02,98983.0,20.28,32.97,3.7
134,45.001633,0.05,97.97,-0.02,1.35,-0.37,0.1,612.48,-944.58,-1854.04,38.1,-69.0,-145.83,-0.02,0.0,-0.03,98987.0,20.34,32.75,3.7
133,44.660724,-0.04,97.97,0.06,0.76,-0.25,0.03,599.49,-921.05,-1804.31,38.1,-69.0,-145.83,0.01,0.01,-0.01,98987.0,20.34,32.75,3.7
141,47.330563,0.02,98.01,0.05,-0.02,-0.05,-0.05,701.19,-1105.24,-2193.6,38.09,-69.0,-145.83,0.01,0.02,-0.01,98986.0,20.4,32.88,3.7
130,43.672665,0.02,97.97,0.04,0.61,-0.26,0.08,561.44,-852.15,-1658.68,38.1,-69.0,-145.83,-0.0,-0.01,21.14,98986.0,20.32,32.62,3.7
129,43.338467,-0.12,97.98,0.19,-0.32,-0.46,-0.02,549.14,-829.87,-1611.59,38.1,-69.0,-145.83,0.09,0.03,0.03,98980.0,20.29,33.0,3.7
143,47.996074,0.04,98.05,0.02,0.12,0.12,0.23,726.17,-1150.49,-2289.24,38.09,-69.0,-145.83,0.01,-0.02,21.14,98991.0,20.42,33.07,3.7
142,47.660713,0.14,98.03,0.06,0.24,-0.29,0.1,713.81,-1128.11,-2241.93,38.09,-69.0,-145.83,-0.02,0.04,-0.04,98991.0,20.42,33.07,3.7
126,42.334344,0.12,97.95,-0.04,-0.33,-0.11,0.06,510.85,-760.52,-1465.03,38.1,-69.0,-145.83,-0.04,0.01,0.0,98983.0,20.28,32.97,3.7
125,42.003312,0.03,97.94,-0.16,0.92,0.17,0.11,498.29,-737.77,-1416.93,38.1,-69.0,-145.83,-0.06,-0.06,0.02,98983.0,20.28,32.97,3.7
124,41.670312,0.16,97.93,-0.04,1.69,-0.1,0.05,485.58,-714.75,-1368.29,38.1,-69.0,-145.82,-0.07,0.05,0.04,98983.0,20.28,32.97,3.7
123,41.341315,0.05,97.93,0.14,0.66,-0.14,0.33,473.03,-692.03,-1320.27,38.1,-69.0,-145.83,0.01,0.03,-0.04,98980.0,20.26,32.65,3.7
137,45.999877,-0.0,97.98,-0.08,-0.85,-0.16,-0.08,650.5,-1013.44,-1999.57,38.1,-69.0,-145.83,-0.02,-0.04,0.01,98989.0,20.37,32.64,3.7
140,46.997623,-0.04,98.01,-0.01,-0.77,-0.21,0.18,688.51,-1082.28,-2145.08,38.09,-69.0,-145.83,0.01,-0.01,0.0,98986.0,20.4,32.88,3.7
139,46.657371,0.06,98.0,0.09,-0.95,-0.17,0.16,675.54,-1058.79,-2095.43,38.09,-69.0,-145.83,0.04,0.04,0.05,98986.0,20.4,32.88,3.7
136,45.658313,-0.0,97.98,-0.02,-0.24,-0.04,-0.21,637.49,-989.87,-1949.77,38.09,-69.0,-145.83,0.0,-0.03,-0.01,98989.0,20.37,32.64,3.7
135,45.332686,0.08,97.98,0.0,0.14,0.03,0.13,625.09,-967.41,-1902.31,38.1,-68.99,-145.83,-0.01,0.04,0.01,98987.0,20.34,32.75,3.7
133,44.660724,-0.04,97.97,0.06,0.76,-0.25,0.03,599.49,-921.05,-1804.31,38.1,-69.0,-145.83,0.01,0.01,-0.01,98987.0,20.34,32.75,3.7
141,47.330563,0.02,98.01,0.05,-0.02,-0.05,-0.05,701.19,-1105.24,-2193.6,38.09,-69.0,-145.83,0.01,0.02,-0.01,98986.0,20.4,32.88,3.7
130,43.672665,0.02,97.97,0.04,0.61,-0.26,0.08,561.44,-852.15,-1658.68,38.1,-69.0,-145.83,-0.0,-0.01,21.14,98986.0,20.32,32.62,3.7
129,43.338467,-0.12,97.98,0.19,-0.32,-0.46,-0.02,549.14,-829.87,-1611.59,38.1,-69.0,-145.83,0.09,0.03,0.03,98980.0,20.29,33.0,3.7
143,47.996074,0.04,98.05,0.02,0.12,0.12,0.23,726.17,-1150.49,-2289.24,38.09,-69.0,-145.83,0.01,-0.02,21.14,98991.0,20.42,33.07,3.7
142,47.660713,0.14,98.03,0.06,0.24,-0.29,0.1,713.81,-1128.11,-2241.93,38.09,-69.0,-145.83,-0.02,0.04,-0.04,98991.0,20.42,33.07,3.7
144,48.321744,0.04,98.05,0.1,0.4,0.1,0.16,739.0,-1173.74,-2338.36,38.09,-69.0,-145.83,0.01,0.04,0.04,98991.0,20.42,33.07,3.7
125,42.003312,0.03,97.94,-0.16,0.92,0.17,0.11,498.29,-737.77,-1416.93,38.1,-69.0,-145.83,-0.06,-0.06,0.02,98983.0,20.28,32.97,3.7
124,41.670312,0.16,97.93,-0.04,1.69,-0.1,0.05,485.58,-714.75,-1368.29,38.1,-69.0,-145.82,-0.07,0.05,0.04,98983.0,20.28,32.97,3.7
137,45.999877,-0.0,97.98,-0.08,-0.85,-0.16,-0.08,650.5,-1013.44,-1999.57,38.1,-69.0,-145.83,-0.02,-0.04,0.01,98989.0,20.37,32.64,3.7
121,40.676224,0.07,97.89,0.0,0.01,0.01,0.01,447.72,-646.19,-1223.37,38.1,-69.0,-145.83,-0.0,0.02,-0.03,98980.0,20.26,32.65,3.7
120,40.342315,0.01,97.87,0.02,0.93,-0.01,0.28,434.96,-623.08,-1174.53,38.09,-69.0,-145.83,-0.01,-0.01,-0.01,98991.0,20.25,32.88,3.7
140,46.997623,-0.04,98.01,-0.01,-0.77,-0.21,0.18,688.51,-1082.28,-2145.08,38.09,-69.0,-145.83,0.01,-0.01,0.0,98986.0,20.4,32.88,3.7
139,46.657371,0.06,98.0,0.09,-0.95,-0.17,0.16,675.54,-1058.79,-2095.43,38.09,-69.0,-145.83,0.04,0.04,0.05,98986.0,20.4,32.88,3.7
130,43.672665,0.02,97.97,0.04,0.61,-0.26,0.08,561.44,-852.15,-1658.68,38.1,-69.0,-145.83,-0.0,-0.01,21.14,98986.0,20.32,32.62,3.7
129,43.338467,-0.12,97.98,0.19,-0.32,-0.46,-0.02,549.14,-829.87,-1611.59,38.1,-69.0,-145.83,0.09,0.03,0.03,98980.0,20.29,33.0,3.7
143,47.996074,0.04,98.05,0.02,0.12,0.12,0.23,726.17,-1150.49,-2289.24,38.09,-69.0,-145.83,0.01,-0.02,21.14,98991.0,20.42,33.07,3.7
142,47.660713,0.14,98.03,0.06,0.24,-0.29,0.1,713.81,-1128.11,-2241.93,38.09,-69.0,-145.83,-0.02,0.04,-0.04,98991.0,20.42,33.07,3.7
144,48.321744,0.04,98.05,0.1,0.4,0.1,0.16,739.0,-1173.74,-2338.36,38.09,-69.0,-145.83,0.01,0.04,0.04,98991.0,20.42,33.07,3.7
125,42.003312,0.03,97.94,-0.16,0.92,0.17,0.11,498.29,-737.77,-1416.93,38.1,-69.0,-145.83,-0.06,-0.06,0.02,98983.0,20.28,32.97,3.7
124,41.670312,0.16,97.93,-0.04,1.69,-0.1,0.05,485.58,-714.75,-1368.29,38.1,-69.0,-145.82,-0.07,0.05,0.04,98983.0,20.28,32.97,3.7
123,41.341315,0.05,97.93,0.14,0.66,-0.14,0.33,473.03,-692.03,-1320.27,38.1,-69.0,-145.83,0.01,0.03,-0.04,98980.0,20.26,32.65,3.7
137,45.999877,-0.0,97.98,-0.08,-0.85,-0.16,-0.08,650.5,-1013.44,-1999.57,38.1,-69.0,-145.83,-0.02,-0.04,0.01,98989.0,20.37,32.64,3.7
121,40.676224,0.07,97.89,0.0,0.01,0.01,0.01,447.72,-646.19,-1223.37,38.1,-69.0,-145.83,-0.0,0.02,-0.03,98980.0,20.26,32.65,3.7
120,40.342315,0.01,97.87,0.02,0.93,-0.01,0.28,434.96,-623.08,-1174.53,38.09,-69.0,-145.83,-0.01,-0.01,-0.01,98991.0,20.25,32.88,3.7
119,40.009314,-0.17,97.85,0.02,-0.04,-0.1,0.06,422.31,-600.16,-1126.09,38.09,-69.0,-145.83,0.08,-0.03,-0.02,98991.0,20.25,32.88,3.7
117,39.339312,0.57,97.76,-0.09,-1.82,0.06,-0.04,396.78,-553.92,-1028.37,38.11,-69.01,-145.83,-0.24,0.15,0.04,98984.0,20.24,32.65,3.7
116,39.003312,-1.51,97.73,0.08,2.01,-0.04,0.2,383.96,-530.7,-979.36,38.09,-69.26,-145.82,0.82,1.47,-0.05,98984.0,20.24,32.65,3.7
115,38.675313,-5.37,97.69,-0.14,0.67,-0.19,0.19,371.12,-507.12,-929.94,37.56,-69.93,-145.76,-2.58,0.11,21.0,98984.0,20.24,32.65,3.7
136,45.658313,-0.0,97.98,-0.02,-0.24,-0.04,-0.21,637.49,-989.87,-1949.77,38.09,-69.0,-145.83,0.0,-0.03,-0.01,98989.0,20.37,32.64,3.7
135,45.332686,0.08,97.98,0.0,0.14,0.03,0.13,625.09,-967.41,-1902.31,38.1,-68.99,-145.83,-0.01,0.04,0.01,98987.0,20.34,32.75,3.7
149,49.985639,0.03,98.04,0.05,0.7,0.18,0.18,802.32,-1288.44,-2580.78,38.09,-69.0,-145.83,0.08,0.03,0.02,98990.0,20.48,33.12,3.7
148,49.658314,0.03,98.04,-0.06,-0.58,0.08,-0.08,789.9,-1265.93,-2533.21,38.1,-69.0,-145.83,-0.03,-0.01,0.02,98989.0,20.44,33.12,3.7
145,48.657568,-0.07,98.03,-0.08,-0.67,0.42,-0.06,751.75,-1196.83,-2387.18,38.09,-69.0,-145.83,0.07,-0.02,-0.02,98989.0,20.44,32.97,3.7
147,49.326142,-0.02,98.04,0.11,-0.06,0.21,-0.03,777.2,-1242.93,-2484.6,38.09,-69.0,-145.83,0.04,0.03,-0.02,98989.0,20.44,32.97,3.7
130,43.672665,0.02,97.97,0.04,0.61,-0.26,0.08,561.44,-852.15,-1658.68,38.1,-69.0,-145.83,-0.0,-0.01,21.14,98986.0,20.32,32.62,3.7
129,43.338467,-0.12,97.98,0.19,-0.32,-0.46,-0.02,549.14,-829.87,-1611.59,38.1,-69.0,-145.83,0.09,0.03,0.03,98980.0,20.29,33.0,3.7
143,47.996074,0.04,98.05,0.02,0.12,0.12,0.23,726.17,-1150.49,-2289.24,38.09,-69.0,-145.83,0.01,-0.02,21.14,98991.0,20.42,33.07,3.7
146,48.999816,0.06,98.04,0.09,0.17,0.02,-0.1,764.82,-1220.5,-2437.2,38.09,-69.0,-145.83,0.05,0.05,-0.04,98989.0,20.44,32.97,3.7
144,48.321744,0.04,98.05,0.1,0.4,0.1,0.16,739.0,-1173.74,-2338.36,38.09,-69.0,-145.83,0.01,0.04,0.04,98991.0,20.42,33.07,3.7
125,42.003312,0.03,97.94,-0.16,0.92,0.17,0.11,498.29,-737.77,-1416.93,38.1,-69.0,-145.83,-0.06,-0.06,0.02,98983.0,20.28,32.97,3.7
124,41.670312,0.16,97.93,-0.04,1.69,-0.1,0.05,485.58,-714.75,-1368.29,38.1,-69.0,-145.82,-0.07,0.05,0.04,98983.0,20.28,32.97,3.7
137,45.999877,-0.0,97.98,-0.08,-0.85,-0.16,-0.08,650.5,-1013.44,-1999.57,38.1,-69.0,-145.83,-0.02,-0.04,0.01,98989.0,20.37,32.64,3.7
121,40.676224,0.07,97.89,0.0,0.01,0.01,0.01,447.72,-646.19,-1223.37,38.1,-69.0,-145.83,-0.0,0.02,-0.03,98980.0,20.26,32.65,3.7
120,40.342315,0.01,97.87,0.02,0.93,-0.01,0.28,434.96,-623.08,-1174.53,38.09,-69.0,-145.83,-0.01,-0.01,-0.01,98991.0,20.25,32.88,3.7
140,46.997623,-0.04,98.01,-0.01,-0.77,-0.21,0.18,688.51,-1082.28,-2145.08,38.09,-69.0,-145.83,0.01,-0.01,0.0,98986.0,20.4,32.88,3.7
139,46.657371,0.06,98.0,0.09,-0.95,-0.17,0.16,675.54,-1058.79,-2095.43,38.09,-69.0,-145.83,0.04,0.04,0.05,98986.0,20.4,32.88,3.7
150,50.316502,0.07,98.03,-0.04,-0.45,0.14,-0.17,814.96,-1311.34,-2629.16,38.09,-69.0,-145.83,-0.03,0.02,0.02,98990.0,20.48,33.12,3.7
148,49.658314,0.03,98.04,-0.06,-0.58,0.08,-0.08,789.9,-1265.93,-2533.21,38.1,-69.0,-145.83,-0.03,-0.01,0.02,98989.0,20.44,33.12,3.7
145,48.657568,-0.07,98.03,-0.08,-0.67,0.42,-0.06,751.75,-1196.83,-2387.18,38.09,-69.0,-145.83,0.07,-0.02,-0.02,98989.0,20.44,32.97,3.7
147,49.326142,-0.02,98.04,0.11,-0.06,0.21,-0.03,777.2,-1242.93,-2484.6,38.09,-69.0,-145.83,0.04,0.03,-0.02,98989.0,20.44,32.97,3.7
129,43.338467,-0.12,97.98,0.19,-0.32,-0.46,-0.02,549.14,-829.87,-1611.59,38.1,-69.0,-145.83,0.09,0.03,0.03,98980.0,20.29,33.0,3.7
143,47.996074,0.04,98.05,0.02,0.12,0.12,0.23,726.17,-1150.49,-2289.24,38.09,-69.0,-145.83,0.01,-0.02,21.14,98991.0,20.42,33.07,3.7
146,48.999816,0.06,98.04,0.09,0.17,0.02,-0.1,764.82,-1220.5,-2437.2,38.09,-69.0,-145.83,0.05,0.05,-0.04,98989.0,20.44,32.97,3.7
144,48.321744,0.04,98.05,0.1,0.4,0.1,0.16,739.0,-1173.74,-2338.36,38.09,-69.0,-145.83,0.01,0.04,0.04,98991.0,20.42,33.07,3.7
125,42.003312,0.03,97.94,-0.16,0.92,0.17,0.11,498.29,-737.77,-1416.93,38.1,-69.0,-145.83,-0.06,-0.06,0.02,98983.0,20.28,32.97,3.7
124,41.670312,0.16,97.93,-0.04,1.69,-0.1,0.05,485.58,-714.75,-1368.29,38.1,-69.0,-145.82,-0.07,0.05,0.04,98983.0,20.28,32.97,3.7
123,41.341315,0.05,97.93,0.14,0.66,-0.14,0.33,473.03,-692.03,-1320.27,38.1,-69.0,-145.83,0.01,0.03,-0.04,98980.0,20.26,32.65,3.7
137,45.999877,-0.0,97.98,-0.08,-0.85,-0.16,-0.08,650.5,-1013.44,-1999.57,38.1,-69.0,-145.83,-0.02,-0.04,0.01,98989.0,20.37,32.64,3.7
121,40.676224,0.07,97.89,0.0,0.01,0.01,0.01,447.72,-646.19,-1223.37,38.1,-69.0,-145.83,-0.0,0.02,-0.03,98980.0,20.26,32.65,3.7
140,46.997623,-0.04,98.01,-0.01,-0.77,-0.21,0.18,688.51,-1082.28,-2145.08,38.09,-69.0,-145.83,0.01,-0.01,0.0,98986.0,20.4,32.88,3.7
139,46.657371,0.06,98.0,0.09,-0.95,-0.17,0.16,675.54,-1058.79,-2095.43,38.09,-69.0,-145.83,0.04,0.04,0.05,98986.0,20.4,32.88,3.7
138,46.330526,0.01,97.99,0.08,-0.03,-0.04,0.09,663.11,-1036.28,-2047.85,38.09,-69.0,-145.83,0.01,0.05,-0.01,98989.0,20.37,32.64,3.7
150,50.316502,0.07,98.03,-0.04,-0.45,0.14,-0.17,814.96,-1311.34,-2629.16,38.09,-69.0,-145.83,-0.03,0.02,0.02,98990.0,20.48,33.12,3.7
151,50.652711,-0.05,98.02,-0.01,0.15,0.08,0.08,827.8,-1334.59,-2678.31,38.09,-69.01,-145.83,0.02,-0.04,0.01,98990.0,20.48,33.12,3.7
145,48.657568,-0.07,98.03,-0.08,-0.67,0.42,-0.06,751.75,-1196.83,-2387.18,38.09,-69.0,-145.83,0.07,-0.02,-0.02,98989.0,20.44,32.97,3.7
147,49.326142,-0.02,98.04,0.11,-0.06,0.21,-0.03,777.2,-1242.93,-2484.6,38.09,-69.0,-145.83,0.04,0.03,-0.02,98989.0,20.44,32.97,3.7
130,43.672665,0.02,97.97,0.04,0.61,-0.26,0.08,561.44,-852.15,-1658.68,38.1,-69.0,-145.83,-0.0,-0.01,21.14,98986.0,20.32,32.62,3.7
129,43.338467,-0.12,97.98,0.19,-0.32,-0.46,-0.02,549.14,-829.87,-1611.59,38.1,-69.0,-145.83,0.09,0.03,0.03,98980.0,20.29,33.0,3.7
143,47.996074,0.04,98.05,0.02,0.12,0.12,0.23,726.17,-1150.49,-2289.24,38.09,-69.0,-145.83,0.01,-0.02,21.14,98991.0,20.42,33.07,3.7
146,48.999816,0.06,98.04,0.09,0.17,0.02,-0.1,764.82,-1220.5,-2437.2,38.09,-69.0,-145.83,0.05,0.05,-0.04,98989.0,20.44,32.97,3.7
144,48.321744,0.04,98.05,0.1,0.4,0.1,0.16,739.0,-1173.74,-2338.36,38.09,-69.0,-145.83,0.01,0.04,0.04,98991.0,20.42,33.07,3.7
125,42.003312,0.03,97.94,-0.16,0.92,0.17,0.11,498.29,-737.77,-1416.93,38.1,-69.0,-145.83,-0.06,-0.06,0.02,98983.0,20.28,32.97,3.7
124,41.670312,0.16,97.93,-0.04,1.69,-0.1,0.05,485.58,-714.75,-1368.29,38.1,-69.0,-145.82,-0.07,0.05,0.04,98983.0,20.28,32.97,3.7
123,41.341315,0.05,97.93,0.14,0.66,-0.14,0.33,473.03,-692.03,-1320.27,38.1,-69.0,-145.83,0.01,0.03,-0.04,98980.0,20.26,32.65,3.7
137,45.999877,-0.0,97.98,-0.08,-0.85,-0.16,-0.08,650.5,-1013.44,-1999.57,38.1,-69.0,-145.83,-0.02,-0.04,0.01,98989.0,20.37,32.64,3.7
120,40.342315,0.01,97.87,0.02,0.93,-0.01,0.28,434.96,-623.08,-1174.53,38.09,-69.0,-145.83,-0.01,-0.01,-0.01,98991.0,20.25,32.88,3.7
119,40.009314,-0.17,97.85,0.02,-0.04,-0.1,0.06,422.31,-600.16,-1126.09,38.09,-69.0,-145.83,0.08,-0.03,-0.02,98991.0,20.25,32.88,3.7
118,39.676315,-0.0,97.8,-0.22,0.43,-0.01,-0.12,409.59,-577.13,-1077.42,38.09,-69.0,-145.82,-0.09,-0.06,0.01,98991.0,20.25,32.88,3.7
117,39.339312,0.57,97.76,-0.09,-1.82,0.06,-0.04,396.78,-553.92,-1028.37,38.11,-69.01,-145.83,-0.24,0.15,0.04,98984.0,20.24,32.65,3.7
116,39.003312,-1.51,97.73,0.08,2.01,-0.04,0.2,383.96,-530.7,-979.36,38.09,-69.26,-145.82,0.82,1.47,-0.05,98984.0,20.24,32.65,3.7
115,38.675313,-5.37,97.69,-0.14,0.67,-0.19,0.19,371.12,-507.12,-929.94,37.56,-69.93,-145.76,-2.58,0.11,21.0,98984.0,20.24,32.65,3.7
114,38.335313,-9.1,97.64,-0.35,0.32,-0.06,0.3,358.92,-483.97,-882.0,36.52,-70.83,-145.62,3.87,2.63,-0.59,98984.0,20.24,32.65,3.7
112,37.670312,-16.48,97.69,-1.06,-0.19,-0.2,0.35,335.67,-436.51,-785.33,33.01,-71.54,-145.03,6.88,-0.72,-1.41,98995.0,20.22,32.87,3.7
111,37.337312,-19.99,97.9,-2.01,-2.33,-0.42,-0.5,325.09,-412.76,-737.13,30.4,-70.99,-144.4,8.86,-2.75,-2.44,98995.0,20.22,32.87,3.7
110,37.008312,-23.02,98.45,-3.6,-8.72,-10.76,9.76,315.59,-389.59,-689.78,27.05,-69.61,-143.4,9.43,-5.53,-7.91,98988.0,20.2,32.52,3.7
109,36.671312,-22.43,94.51,-4.69,-50.55,18.53,-3.34,307.04,-366.54,-641.93,23.62,-66.73,-140.42,-1.77,-7.45,5.14,98988.0,20.2,32.52,3.7
140,46.997623,-0.04,98.01,-0.01,-0.77,-0.21,0.18,688.51,-1082.28,-2145.08,38.09,-69.0,-145.83,0.01,-0.01,0.0,98986.0,20.4,32.88,3.7
139,46.657371,0.06,98.0,0.09,-0.95,-0.17,0.16,675.54,-1058.79,-2095.43,38.09,-69.0,-145.83,0.04,0.04,0.05,98986.0,20.4,32.88,3.7
138,46.330526,0.01,97.99,0.08,-0.03,-0.04,0.09,663.11,-1036.28,-2047.85,38.09,-69.0,-145.83,0.01,0.05,-0.01,98989.0,20.37,32.64,3.7
150,50.316502,0.07,98.03,-0.04,-0.45,0.14,-0.17,814.96,-1311.34,-2629.16,38.09,-69.0,-145.83,-0.03,0.02,0.02,98990.0,20.48,33.12,3.7
144,48.321744,0.04,98.05,0.1,0.4,0.1,0.16,739.0,-1173.74,-2338.36,38.09,-69.0,-145.83,0.01,0.04,0.04,98991.0,20.42,33.07,3.7
125,42.003312,0.03,97.94,-0.16,0.92,0.17,0.11,498.29,-737.77,-1416.93,38.1,-69.0,-145.83,-0.06,-0.06,0.02,98983.0,20.28,32.97,3.7
123,41.341315,0.05,97.93,0.14,0.66,-0.14,0.33,473.03,-692.03,-1320.27,38.1,-69.0,-145.83,0.01,0.03,-0.04,98980.0,20.26,32.65,3.7
137,45.999877,-0.0,97.98,-0.08,-0.85,-0.16,-0.08,650.5,-1013.44,-1999.57,38.1,-69.0,-145.83,-0.02,-0.04,0.01,98989.0,20.37,32.64,3.7
121,40.676224,0.07,97.89,0.0,0.01,0.01,0.01,447.72,-646.19,-1223.37,38.1,-69.0,-145.83,-0.0,0.02,-0.03,98980.0,20.26,32.65,3.7
120,40.342315,0.01,97.87,0.02,0.93,-0.01,0.28,434.96,-623.08,-1174.53,38.09,-69.0,-145.83,-0.01,-0.01,-0.01,98991.0,20.25,32.88,3.7
119,40.009314,-0.17,97.85,0.02,-0.04,-0.1,0.06,422.31,-600.16,-1126.09,38.09,-69.0,-145.83,0.08,-0.03,-0.02,98991.0,20.25,32.88,3.7
118,39.676315,-0.0,97.8,-0.22,0.43,-0.01,-0.12,409.59,-577.13,-1077.42,38.09,-69.0,-145.82,-0.09,-0.06,0.01,98991.0,20.25,32.88,3.7
117,39.339312,0.57,97.76,-0.09,-1.82,0.06,-0.04,396.78,-553.92,-1028.37,38.11,-69.01,-145.83,-0.24,0.15,0.04,98984.0,20.24,32.65,3.7
114,38.335313,-9.1,97.64,-0.35,0.32,-0.06,0.3,358.92,-483.97,-882.0,36.52,-70.83,-145.62,3.87,2.63,-0.59,98984.0,20.24,32.65,3.7
113,38.002312,-12.82,97.63,-0.66,-0.68,0.08,0.26,346.99,-460.27,-833.54,35.0,-71.47,-145.39,5.22,1.02,-0.85,98995.0,20.22,32.87,3.7
112,37.670312,-16.48,97.69,-1.06,-0.19,-0.2,0.35,335.67,-436.51,-785.33,33.01,-71.54,-145.03,6.88,-0.72,-1.41,98995.0,20.22,32.87,3.7
111,37.337312,-19.99,97.9,-2.01,-2.33,-0.42,-0.5,325.09,-412.76,-737.13,30.4,-70.99,-144.4,8.86,-2.75,-2.44,98995.0,20.22,32.87,3.7
109,36.671312,-22.43,94.51,-4.69,-50.55,18.53,-3.34,307.04,-366.54,-641.93,23.62,-66.73,-140.42,-1.77,-7.45,5.14,98988.0,20.2,32.52,3.7
108,36.332312,-27.62,102.13,-6.89,-104.17,-39.15,-25.35,299.41,-344.54,-594.7,21.17,-62.59,-137.63,5.49,-28.75,-7.51,98988.0,20.2,32.52,3.7
153,51.323917,5.85,97.98,-0.57,-8.08,27.75,-4.09,853.26,-1380.79,-2775.93,37.77,-68.95,-145.84,-2.22,-0.54,-0.58,98993.0,20.51,32.97,3.7
138,46.330526,0.01,97.99,0.08,-0.03,-0.04,0.09,663.11,-1036.28,-2047.85,38.09,-69.0,-145.83,0.01,0.05,-0.01,98989.0,20.37,32.64,3.7
151,50.652711,-0.05,98.02,-0.01,0.15,0.08,0.08,827.8,-1334.59,-2678.31,38.09,-69.01,-145.83,0.02,-0.04,0.01,98990.0,20.48,33.12,3.7
152,50.997028,0.1,98.13,-0.01,10.69,4.82,1.61,840.86,-1358.27,-2728.35,38.04,-69.0,-145.8,-0.07,-0.03,-0.31,98993.0,20.51,32.97,3.7
153,51.323917,5.85,97.98,-0.57,-8.08,27.75,-4.09,853.26,-1380.79,-2775.93,37.77,-68.95,-145.84,-2.22,-0.54,-0.58,98993.0,20.51,32.97,3.7
119,40.009314,-0.17,97.85,0.02,-0.04,-0.1,0.06,422.31,-600.16,-1126.09,38.09,-69.0,-145.83,0.08,-0.03,-0.02,98991.0,20.25,32.88,3.7
118,39.676315,-0.0,97.8,-0.22,0.43,-0.01,-0.12,409.59,-577.13,-1077.42,38.09,-69.0,-145.82,-0.09,-0.06,0.01,98991.0,20.25,32.88,3.7
117,39.339312,0.57,97.76,-0.09,-1.82,0.06,-0.04,396.78,-553.92,-1028.37,38.11,-69.01,-145.83,-0.24,0.15,0.04,98984.0,20.24,32.65,3.7
116,39.003312,-1.51,97.73,0.08,2.01,-0.04,0.2,383.96,-530.7,-979.36,38.09,-69.26,-145.82,0.82,1.47,-0.05,98984.0,20.24,32.65,3.7
115,38.675313,-5.37,97.69,-0.14,0.67,-0.19,0.19,371.12,-507.12,-929.94,37.56,-69.93,-145.76,-2.58,0.11,21.0,98984.0,20.24,32.65,3.7
112,37.670312,-16.48,97.69,-1.06,-0.19,-0.2,0.35,335.67,-436.51,-785.33,33.01,-71.54,-145.03,6.88,-0.72,-1.41,98995.0,20.22,32.87,3.7
111,37.337312,-19.99,97.9,-2.01,-2.33,-0.42,-0.5,325.09,-412.76,-737.13,30.4,-70.99,-144.4,8.86,-2.75,-2.44,98995.0,20.22,32.87,3.7
110,37.008312,-23.02,98.45,-3.6,-8.72,-10.76,9.76,315.59,-389.59,-689.78,27.05,-69.61,-143.4,9.43,-5.53,-7.91,98988.0,20.2,32.52,3.7
109,36.671312,-22.43,94.51,-4.69,-50.55,18.53,-3.34,307.04,-366.54,-641.93,23.62,-66.73,-140.42,-1.77,-7.45,5.14,98988.0,20.2,32.52,3.7
113,38.002312,-12.82,97.63,-0.66,-0.68,0.08,0.26,346.99,-460.27,-833.54,35.0,-71.47,-145.39,5.22,1.02,-0.85,98995.0,20.22,32.87,3.7
154,51.654313,8.17,97.24,-1.77,-5.3,12.88,-4.28,865.63,-1403.63,-2824.25,36.94,-69.1,-146.0,-2.82,-1.48,-0.8,98993.0,20.51,32.97,3.7
108,36.332312,-27.62,102.13,-6.89,-104.17,-39.15,-25.35,299.41,-344.54,-594.7,21.17,-62.59,-137.63,5.49,-28.75,-7.51,98988.0,20.2,32.52,3.7
155,51.977312,8.5,95.56,-2.03,1.63,10.56,-0.81,877.39,-1426.01,-2871.39,35.97,-69.56,-146.11,-2.97,-1.53,-0.64,98979.0,20.53,32.79,3.7
156,52.305312,6.5,95.07,1.97,9.6,3.45,5.73,889.07,-1448.93,-2919.33,35.18,-70.17,-146.18,-2.71,-1.43,0.1,98979.0,20.53,32.79,3.7
157,52.646312,2.4,99.04,0.61,-2.99,-8.09,8.37,900.95,-1472.94,-2969.2,34.61,-70.66,-146.28,-0.61,-1.18,-0.81,98979.0,20.53,32.79,3.7
158,52.979312,-8.04,98.08,1.7,10.0,-38.0,-6.1,912.48,-1496.53,-3017.91,34.82,-71.0,-146.24,1.95,-1.15,1.14,98982.0,20.58,32.98,3.7
159,53.309312,-13.99,97.47,2.58,6.38,-14.51,1.2,924.16,-1520.03,-3066.17,36.04,-71.38,-146.31,4.67,-0.8,-0.8,98982.0,20.58,32.98,3.7
160,53.639312,-12.53,99.35,-1.28,-9.36,1.21,-2.41,936.29,-1543.63,-3114.49,37.42,-71.68,-146.55,4.25,-1.29,-0.88,98982.0,20.58,32.98,3.7
161,53.973313,-8.76,99.41,-0.9,2.9,-0.41,-0.65,948.99,-1567.61,-3163.47,38.61,-71.8,-146.71,3.37,0.61,-0.38,98981.0,20.61,32.91,3.7
162,54.313312,-4.96,99.19,-0.4,-3.27,0.26,0.44,962.31,-1591.95,-3213.37,39.61,-71.34,-146.81,2.13,1.55,-0.22,98981.0,20.61,32.91,3.7
163,54.643312,-1.29,99.15,-0.28,-1.6,0.11,-1.04,975.47,-1615.4,-3261.82,40.1,-70.87,-146.85,0.78,1.04,-0.08,98981.0,20.61,32.91,3.7
169,56.642312,-0.04,97.47,-0.07,4.59,-0.74,0.26,1055.7,-1756.67,-3555.4,40.14,-70.68,-146.87,-0.65,0.01,0.06,98983.0,20.66,32.98,3.7
174,58.315314,0.09,97.61,-0.01,-1.84,1.76,-0.09,1122.84,-1874.96,-3801.18,40.11,-70.7,-146.87,-0.04,0.02,0.15,98988.0,20.72,32.96,3.7
169,56.642312,-0.04,97.47,-0.07,4.59,-0.74,0.26,1055.7,-1756.67,-3555.4,40.14,-70.68,-146.87,-0.65,0.01,0.06,98983.0,20.66,32.98,3.7
168,56.311312,0.19,97.26,-0.57,-0.53,-1.25,0.77,1042.41,-1733.28,-3506.78,40.13,-70.65,-146.87,-0.31,-0.07,0.1,98983.0,20.66,32.98,3.7
167,55.973312,0.08,97.35,-0.11,-0.86,0.13,0.7,1028.84,-1709.4,-3457.14,40.14,-70.63,-146.86,-0.45,-0.4,-0.19,98982.0,20.63,32.82,3.7
166,55.649312,0.04,97.5,0.56,-1.55,-1.04,-4.27,1015.4,-1685.74,-3407.95,40.15,-70.63,-146.85,0.2,0.16,19.6,98982.0,20.63,32.82,3.7
165,55.313312,-0.07,98.22,0.09,0.93,-0.25,-5.6,1002.35,-1662.78,-3360.22,40.12,-70.67,-146.87,-0.31,0.58,-0.44,98982.0,20.63,32.82,3.7
164,54.982312,0.71,98.97,0.11,0.9,-0.96,-2.82,989.08,-1639.39,-3311.61,40.11,-70.68,-146.86,-0.3,0.01,0.42,98981.0,20.61,32.91,3.7
163,54.643312,-1.29,99.15,-0.28,-1.6,0.11,-1.04,975.47,-1615.4,-3261.82,40.1,-70.87,-146.85,0.78,1.04,-0.08,98981.0,20.61,32.91,3.7
177,59.31684,0.03,97.09,-0.11,-1.91,1.42,-0.36,1162.97,-1945.71,-3948.17,40.08,-70.73,-146.91,-0.15,-0.09,0.34,98988.0,20.72,32.96,3.7
176,58.980313,0.05,97.5,0.07,0.42,0.42,-1.38,1149.51,-1921.97,-3898.84,40.09,-70.72,-146.88,0.09,0.03,-0.0,98988.0,20.72,32.96,3.7
175,58.649313,0.04,97.58,-0.1,-3.02,0.46,0.21,1136.23,-1898.54,-3850.19,40.09,-70.69,-146.88,-0.03,-0.02,-0.08,98988.0,20.72,32.96,3.7
174,58.315314,0.09,97.61,-0.01,-1.84,1.76,-0.09,1122.84,-1874.96,-3801.18,40.11,-70.7,-146.87,-0.04,0.02,0.15,98988.0,20.72,32.96,3.7
173,57.976312,-0.08,97.53,0.55,7.67,-2.92,1.47,1109.23,-1850.96,-3751.32,40.09,-70.69,-146.88,0.46,0.1,-0.0,98988.0,20.69,33.0,3.7
172,57.641312,0.03,97.54,-0.07,-2.02,-0.59,0.07,1095.79,-1827.28,-3702.12,40.12,-70.67,-146.87,-0.07,0.12,-0.18,98988.0,20.69,33.0,3.7
171,57.314312,-0.05,97.51,0.13,3.58,1.72,0.28,1082.68,-1804.17,-3654.1,40.11,-70.68,-146.87,-0.02,-0.01,0.01,98988.0,20.69,33.0,3.7
170,56.982312,0.11,97.5,0.18,-0.51,-0.35,-0.6,1069.4,-1780.79,-3605.52,40.15,-70.68,-146.87,0.2,0.15,0.14,98983.0,20.66,32.98,3.7
177,59.31684,0.03,97.09,-0.11,-1.91,1.42,-0.36,1162.97,-1945.71,-3948.17,40.08,-70.73,-146.91,-0.15,-0.09,0.34,98988.0,20.72,32.96,3.7
165,55.313312,-0.07,98.22,0.09,0.93,-0.25,-5.6,1002.35,-1662.78,-3360.22,40.12,-70.67,-146.87,-0.31,0.58,-0.44,98982.0,20.63,32.82,3.7
164,54.982312,0.71,98.97,0.11,0.9,-0.96,-2.82,989.08,-1639.39,-3311.61,40.11,-70.68,-146.86,-0.3,0.01,0.42,98981.0,20.61,32.91,3.7
163,54.643312,-1.29,99.15,-0.28,-1.6,0.11,-1.04,975.47,-1615.4,-3261.82,40.1,-70.87,-146.85,0.78,1.04,-0.08,98981.0,20.61,32.91,3.7
178,59.644312,0.04,97.14,-0.28,-1.39,-0.25,-0.24,1176.09,-1968.88,-3996.28,40.07,-70.73,-146.89,-0.08,-0.08,0.04,98991.0,20.74,33.12,3.7
179,59.972312,0.13,97.16,-0.02,-5.05,0.13,-0.19,1189.25,-1992.1,-4044.5,40.07,-70.74,-146.89,0.03,0.05,-0.11,98991.0,20.74,33.12,3.7
180,60.302312,-0.01,97.62,1.14,5.11,-0.06,0.59,1202.47,-2015.45,-4092.98,40.1,-70.71,-146.89,-0.21,0.3,-0.1,98991.0,20.74,33.12,3.7
181,60.636312,-0.18,97.64,-0.16,-2.88,-0.16,-0.43,1215.87,-2039.05,-4142.04,40.1,-70.66,-146.9,0.01,-0.1,0.16,98989.0,20.79,33.01,3.7
182,60.966312,-0.11,96.86,0.21,4.86,-1.68,-0.01,1229.1,-2062.37,-4190.51,40.08,-70.66,-146.93,-0.39,-0.74,0.4,98989.0,20.79,33.01,3.7
183,61.307312,0.03,96.79,0.39,2.91,0.07,0.93,1242.76,-2086.47,-4240.61,40.05,-70.68,-146.91,0.16,-0.0,-0.06,98989.0,20.79,33.01,3.7
184,61.641312,0.21,96.9,-0.34,0.78,-2.94,-4.57,1256.13,-2110.07,-4289.68,40.02,-70.68,-146.9,-0.29,0.46,0.13,98982.0,20.81,33.09,3.7
185,61.970312,0.17,96.95,0.13,0.18,0.01,0.28,1269.3,-2133.33,-4338.01,40.03,-70.69,-146.91,-0.01,0.11,-0.04,98982.0,20.81,33.09,3.7
186,62.308312,-0.05,97.0,0.3,-4.9,-0.23,-1.21,1282.83,-2157.22,-4387.67,40.04,-70.69,-146.91,0.31,0.02,0.01,98982.0,20.81,33.09,3.7
188,62.972312,0.11,97.02,0.32,-0.23,-0.31,-0.83,1309.41,-2204.16,-4485.22,40.04,-70.69,-146.91,0.1,0.13,-0.11,98986.0,20.82,33.18,3.7
187,62.635312,0.09,96.97,-0.18,1.28,0.22,0.19,1295.92,-2180.34,-4435.71,40.02,-70.7,-146.91,0.16,-0.23,0.01,98982.0,20.81,33.09,3.7
189,63.310312,-0.01,96.93,-0.21,-8.02,0.04,-0.17,1322.94,-2228.06,-4534.89,40.02,-70.72,-146.91,0.13,-0.14,0.13,98986.0,20.82,33.18,3.7
194,64.971312,-0.02,97.01,0.64,1.96,0.88,0.79,1389.37,-2345.59,-4778.9,39.98,-70.72,-146.91,0.11,0.21,-0.1,98990.0,20.87,33.09,3.7
193,64.643312,0.05,96.9,0.18,6.98,0.87,0.21,1376.26,-2322.38,-4730.72,39.98,-70.79,-146.91,-0.03,0.06,0.24,98985.0,20.87,33.02,3.7
196,65.641312,0.09,97.15,0.55,8.44,0.07,0.18,1416.15,-2392.96,-4877.34,39.96,-70.7,-146.91,0.13,0.2,-0.0,98990.0,20.87,33.09,3.7
195,65.302312,-0.04,97.68,0.59,3.62,-0.05,1.36,1402.6,-2368.99,-4827.53,39.98,-70.7,-146.91,0.24,0.14,-0.4,98990.0,20.87,33.09,3.7
192,64.307312,-0.03,96.92,-0.12,-4.39,0.37,-0.4,1362.82,-2298.6,-4681.35,40.0,-70.76,-146.91,0.07,-0.06,0.04,98985.0,20.87,33.02,3.7
191,63.972312,-0.0,96.93,0.09,-2.44,0.11,-0.09,1349.42,-2274.89,-4632.14,40.0,-70.75,-146.91,0.04,0.02,-0.02,98985.0,20.87,33.02,3.7
190,63.639312,0.04,96.92,-0.1,-4.72,-0.34,-0.21,1336.1,-2251.33,-4583.21,40.0,-70.75,-146.91,-0.02,-0.01,-0.03,98986.0,20.82,33.18,3.7
197,65.967312,-0.26,97.26,-1.72,-5.22,-3.8,1.19,1429.18,-2416.01,-4925.23,39.89,-70.74,-146.91,-0.5,-0.87,0.21,98992.0,20.89,33.14,3.7
198,66.303312,-0.48,97.43,1.56,19.74,-9.92,-7.03,1442.59,-2439.78,-4974.57,39.92,-70.7,-146.76,-0.19,0.44,-0.22,98992.0,20.89,33.14,3.7
199,66.632312,-3.58,98.64,5.58,-16.14,-16.47,11.97,1455.77,-2462.97,-5022.94,40.26,-70.25,-147.08,1.82,2.56,0.54,98992.0,20.89,33.14,3.7
204,68.306312,-0.01,105.53,-0.19,2.2,-0.01,-0.38,1522.65,-2578.98,-5267.48,40.15,-69.79,-147.08,-0.01,-0.11,19.79,98987.0,20.91,33.18,3.7
203,67.969312,0.01,105.49,1.83,3.01,-11.48,20.62,1509.56,-2556.22,-5219.53,40.11,-69.83,-147.07,-2.04,2.15,-0.53,98990.0,20.9,33.1,3.7
202,67.633312,1.01,100.52,-2.15,1.1,5.77,4.71,1496.09,-2532.75,-5170.12,40.06,-69.79,-147.04,-0.43,-0.89,-0.25,98990.0,20.9,33.1,3.7
201,67.295312,1.14,100.24,-2.58,-14.85,4.05,-2.1,1482.54,-2509.2,-5120.41,40.2,-69.5,-147.05,-0.16,-0.52,0.26,98990.0,20.9,33.1,3.7
200,66.962312,-2.03,100.21,2.93,1.33,-5.61,5.29,1469.1,-2486.06,-5071.46,40.42,-69.64,-147.04,0.38,1.87,-0.13,98992.0,20.89,33.14,3.7
205,68.639312,-0.01,105.6,0.2,19.19,0.22,0.68,1536.47,-2602.99,-5318.09,40.14,-69.76,-147.07,-0.83,0.13,-0.03,98987.0,20.91,33.18,3.7
206,68.965312,-0.55,105.58,-1.06,-19.54,-19.64,-5.77,1549.55,-2625.72,-5366.02,40.1,-69.72,-147.03,-0.28,-0.54,0.99,98987.0,20.91,33.18,3.7
207,69.299312,-5.38,103.6,-0.12,39.04,4.92,7.68,1563.0,-2649.07,-5415.14,40.59,-70.12,-147.09,2.75,-0.67,-0.04,98985.0,20.93,33.1,3.7
208,69.629312,4.45,102.92,5.25,0.63,27.34,-0.93,1576.49,-2672.12,-5463.7,40.91,-69.43,-147.2,-1.01,2.46,-0.05,98985.0,20.93,33.1,3.7
209,69.970312,4.1,104.57,2.19,-6.59,-7.82,9.3,1590.32,-2695.68,-5513.92,40.17,-68.84,-147.3,-2.22,0.46,-0.23,98985.0,20.93,33.1,3.7
210,70.299312,-0.56,105.37,-0.6,-2.78,0.9,-1.59,1603.45,-2718.33,-5562.39,39.77,-68.92,-147.3,-0.47,-0.33,0.11,98985.0,20.93,33.1,3.7
211,70.633312,2.16,110.57,-1.01,1.6,9.82,10.97,1616.71,-2741.37,-5611.58,39.61,-69.04,-147.29,-0.5,-1.37,0.64,98988.0,20.96,33.18,3.7
212,70.962312,-1.06,109.66,0.81,8.5,-0.55,1.35,1629.73,-2764.15,-5660.05,39.6,-69.36,-147.29,0.73,-0.11,-0.3,98988.0,20.96,33.18,3.7
213,71.303312,0.98,110.82,-0.7,-8.91,7.81,4.21,1643.24,-2787.79,-5710.28,39.62,-69.31,-147.33,-0.4,0.0,-0.13,98988.0,20.96,33.18,3.7
214,71.637312,-0.74,109.18,-0.81,-4.67,-5.89,-11.08,1656.46,-2810.95,-5759.5,39.56,-69.43,-147.38,0.04,-0.48,-0.14,98981.0,20.98,33.15,3.7
215,71.967312,-0.21,106.14,-0.93,-10.14,4.78,-7.82,1669.54,-2833.88,-5808.12,39.66,-69.53,-147.29,-0.22,-0.2,0.54,98981.0,20.98,33.15,3.7
216,72.297312,-0.67,105.47,0.41,6.33,1.04,0.92,1682.62,-2856.82,-5856.72,39.68,-69.49,-147.27,0.64,0.08,-1.23,98981.0,20.98,33.15,3.7
217,72.630312,-0.0,105.46,-0.02,-0.88,0.09,0.01,1695.84,-2879.96,-5905.77,39.67,-69.5,-147.32,-0.01,-0.01,-0.02,98984.0,21.0,33.02,3.7
218,72.970312,0.11,105.46,-0.05,-0.3,-0.09,-0.16,1709.32,-2903.59,-5955.87,39.67,-69.5,-147.32,-0.01,0.01,0.01,98984.0,21.0,33.02,3.7
219,73.298312,0.1,105.44,0.02,-0.23,-0.04,-0.28,1722.34,-2926.39,-6004.19,39.67,-69.5,-147.33,-0.03,0.02,-0.02,98984.0,21.0,33.02,3.7
220,73.638312,-0.09,105.45,-0.01,-0.32,0.05,-0.0,1735.82,-2950.02,-6054.28,39.67,-69.5,-147.32,0.03,-0.03,0.02,98984.0,21.0,33.02,3.7
221,73.972312,0.01,105.44,0.1,0.32,-0.0,-0.05,1749.08,-2973.23,-6103.49,39.67,-69.5,-147.33,0.04,0.06,0.03,98986.0,21.01,33.3,3.7
227,75.974312,-0.02,105.44,-0.07,-0.14,0.04,-0.01,1828.53,-3112.44,-6398.57,39.67,-69.5,-147.33,-0.01,-0.03,-0.02,98988.0,21.04,33.4,3.7
226,75.637312,-0.01,105.43,-0.0,0.5,0.09,0.2,1815.12,-3088.95,-6348.78,39.67,-69.5,-147.33,0.02,-0.05,0.04,98988.0,21.04,33.2,3.7
225,75.303312,0.05,105.44,-0.05,-0.07,0.09,-0.04,1801.87,-3065.74,-6299.58,39.67,-69.5,-147.33,-0.02,-0.01,-0.01,98988.0,21.04,33.2,3.7
224,74.966312,0.06,105.43,0.1,-2.1,0.58,-0.1,1788.51,-3042.31,-6249.93,39.67,-69.5,-147.33,0.02,0.05,0.02,98988.0,21.04,33.2,3.7
222,74.300312,0.05,105.45,-0.01,-1.44,0.48,-0.27,1762.09,-2996.03,-6151.81,39.67,-69.5,-147.33,0.01,0.0,0.01,98986.0,21.01,33.3,3.7
223,74.638312,0.01,105.44,-0.09,1.45,-0.22,-0.04,1775.5,-3019.52,-6201.61,39.66,-69.51,-147.33,0.01,-0.05,-0.01,98986.0,21.01,33.3,3.7
228,76.305312,0.07,105.43,0.03,-0.31,-0.23,0.03,1841.62,-3135.38,-6447.21,39.67,-69.5,-147.32,-0.01,0.02,0.0,98988.0,21.04,33.4,3.7
229,76.629312,0.1,105.42,0.02,1.3,-0.3,-0.07,1854.47,-3157.89,-6494.93,39.67,-69.5,-147.33,-0.03,0.03,0.06,98988.0,21.04,33.4,3.7
230,76.970312,0.1,105.42,-0.02,0.56,-0.07,-0.03,1868.0,-3181.59,-6545.17,39.67,-69.5,-147.33,-0.01,0.05,-0.02,98988.0,21.04,33.4,3.7
231,77.302312,0.13,105.42,-0.04,-0.47,-0.03,-0.04,1881.17,-3204.67,-6594.08,39.67,-69.5,-147.33,-0.03,0.02,0.05,98991.0,21.08,33.42,3.7
232,77.631312,0.05,105.42,0.09,-0.81,0.06,-0.07,1894.23,-3227.53,-6642.55,39.67,-69.5,-147.33,0.02,0.03,0.05,98991.0,21.08,33.42,3.7
233,77.971312,-0.07,105.43,0.06,0.29,-0.13,0.18,1907.72,-3251.17,-6692.65,39.67,-69.5,-147.33,0.02,-0.01,-0.06,98991.0,21.08,33.42,3.7
234,78.304312,0.02,105.44,0.02,0.07,0.07,0.01,1920.93,-3274.31,-6741.71,39.67,-69.5,-147.33,0.01,0.03,-0.01,98989.0,21.1,33.34,3.7
236,78.960312,0.01,105.43,-0.07,0.12,-0.07,0.06,1946.95,-3319.9,-6838.35,39.67,-69.5,-147.33,-0.03,-0.0,-0.03,98989.0,21.1,33.34,3.7
248,82.970565,-0.05,105.43,0.01,-0.04,0.14,-0.33,2105.63,-3597.9,-7427.66,39.67,-69.5,-147.33,0.03,0.0,19.62,98995.0,21.16,33.51,3.7
